模块,任务ID,任务名称,描述,类型,优先级
投资组合,1,创建投资组合模型,设计投资组合数据模型（ID、名称、描述、创建时间等）,后端,高
投资组合,2,获取所有投资组合API,实现GET /portfolios 接口,后端,高
投资组合,3,获取单个投资组合详情API,实现GET /portfolios/{id} 接口,后端,高
投资组合,4,创建投资组合API,实现POST /portfolios 接口,后端,高
投资组合,5,删除投资组合API,实现DELETE /portfolios/{id} 接口,后端,高
投资组合,6,更新投资组合API,实现PUT /portfolios/{id} 接口,后端,中
投资组合,7,投资组合列表页面,前端页面展示所有投资组合,前端,高
投资组合,8,投资组合详情页面,前端页面展示单个投资组合详情,前端,高
投资组合,9,投资组合创建表单,前端表单用于创建新投资组合,前端,高
投资组合,10,投资组合删除功能,前端实现删除投资组合功能,前端,高
投资组合,11,投资组合表现数据API,实现GET /portfolios/{id}/performance 接口,后端,中
投资组合,12,投资组合表现图表,前端使用图表库展示投资组合表现,前端,中
资产,13,创建资产模型,设计资产数据模型（ID、名称、类型、数量、买入价格等）,后端,高
资产,14,获取组合所有资产API,实现GET /portfolios/{id}/assets 接口,后端,高
资产,15,获取单个资产详情API,实现GET /assets/{id} 接口,后端,高
资产,16,添加资产到组合API,实现POST /portfolios/{id}/assets 接口,后端,高
资产,17,从组合删除资产API,实现DELETE /portfolios/{id}/assets/{assetId} 接口,后端,高
资产,18,更新资产信息API,实现PUT /assets/{id} 接口,后端,中
资产,19,资产列表页面,前端页面展示投资组合中的所有资产,前端,高
资产,20,资产详情页面,前端页面展示单个资产详情,前端,高
资产,21,资产添加表单,前端表单用于添加新资产到投资组合,前端,高
资产,22,资产删除功能,前端实现从投资组合中删除资产功能,前端,高
资产,23,资产编辑表单,前端表单用于编辑现有资产信息,前端,中
通用,24,API文档生成,集成Swagger或类似工具生成API文档,后端,中
通用,25,数据库初始化,创建数据库表和初始数据,后端,高
通用,26,错误处理中间件,实现统一的API错误处理,后端,中
通用,27,前端路由配置,配置前端路由导航,前端,高
通用,28,UI组件库集成,集成UI组件库（如Ant Design、Material UI等）,前端,中
通用,29,响应式布局,确保前端页面响应式布局,前端,中
通用,30,项目部署,部署前后端应用到服务器,运维,低